benchmark,pilot_n,pair_split_plans,plannable,zero_gap_or_variance,finite_attainable,finite_attainable_fraction,iid_evaluated,iid_power_median,iid_power_q25,iid_power_q75,iid_below_target_95mc_fraction,iid_above_target_95mc_fraction,finite_power_median,iid_curve_mean_absolute_error,iid_curve_within_10pp_fraction,iid_oracle_mean_absolute_error,finite_curve_mean_absolute_error,finite_curve_within_10pp_fraction,finite_oracle_mean_absolute_error
arc,128,200,191,9,133,0.665,191,0.671,0.358,0.9444999999999999,0.5654450261780105,0.387434554973822,0.573,0.17973160331122293,0.532,0.03277929823493728,0.18996717801530397,0.579,0.03290751712836538
arc,256,200,197,3,127,0.635,197,0.657,0.413,0.934,0.5939086294416244,0.3401015228426396,0.634,0.1547411190734308,0.535,0.03994284714268022,0.15930852833098721,0.5475,0.03888053391193564
gsm8k,128,200,196,4,175,0.875,196,0.493,0.1745,0.772,0.75,0.20918367346938777,0.466,0.0999456408462549,0.759,0.01857108238080048,0.10665349683671743,0.766,0.018764682433339473
gsm8k,256,200,197,3,172,0.86,197,0.53,0.243,0.721,0.817258883248731,0.13705583756345177,0.5105,0.06625680641265438,0.802,0.01914542485501093,0.07012762006134868,0.822,0.019388525233632655
winogrande,128,200,188,12,121,0.605,188,0.5035000000000001,0.204,0.9552499999999999,0.601063829787234,0.3776595744680851,0.301,0.2537700425525121,0.396,0.03413112466638314,0.2767231997589645,0.426,0.03559359333883979
winogrande,256,200,196,4,103,0.515,196,0.808,0.40775,0.99775,0.4744897959183674,0.4897959183673469,0.515,0.16039546898166457,0.50375,0.039640257332124645,0.169331898149354,0.5225,0.040444214018119935
hellaswag,128,200,185,15,177,0.885,185,0.514,0.27,0.885,0.6594594594594595,0.3081081081081081,0.522,0.17722133563594614,0.525,0.04437397752005694,0.17798860654716242,0.52,0.044125327527656695
hellaswag,256,200,199,1,173,0.865,199,0.624,0.3225,0.908,0.6231155778894473,0.32663316582914576,0.595,0.14257182584412242,0.576,0.0443805154717599,0.14314049005441987,0.58,0.04456821732755441
mmlu,128,200,196,4,188,0.94,196,0.786,0.5105,0.9432499999999999,0.4846938775510204,0.4489795918367347,0.774,0.15174927650724537,0.583,0.028118750399260446,0.15189296526139784,0.586,0.028611856281864936
mmlu,256,200,197,3,190,0.95,197,0.671,0.465,0.832,0.6751269035532995,0.25888324873096447,0.65,0.12187168820902537,0.623,0.028696611881829634,0.12167390733510515,0.625,0.027833457900849626
