benchmark,target_difference,alpha,power,nonzero_adjacent_pairs,paired_items_median,paired_items_q25,paired_items_q75,unpaired_items_median,unpaired_items_q25,unpaired_items_q75
arc,0.005,0.05,0.8,392,52146.0,43969.75,61129.0,149281.5,142187.0,154362.75
arc,0.01,0.05,0.8,392,13037.0,10993.0,15283.0,37320.5,35547.5,38591.25
arc,0.02,0.05,0.8,392,3259.5,2749.0,3821.0,9330.5,8887.25,9648.5
arc,0.05,0.05,0.8,392,522.0,440.0,612.0,1493.5,1422.5,1544.25
gsm8k,0.005,0.05,0.8,383,60266.0,32396.0,91113.0,97632.0,49185.5,143810.5
gsm8k,0.01,0.05,0.8,383,15067.0,8099.0,22778.5,24408.0,12296.5,35953.0
gsm8k,0.02,0.05,0.8,383,3767.0,2025.0,5695.0,6102.0,3074.5,8988.5
gsm8k,0.05,0.05,0.8,383,603.0,324.0,911.5,977.0,492.0,1438.5
winogrande,0.005,0.05,0.8,392,55550.0,42344.25,67267.25,111827.5,99074.5,120858.75
winogrande,0.01,0.05,0.8,392,13888.0,10586.5,16817.5,27957.5,24769.0,30215.25
winogrande,0.02,0.05,0.8,392,3472.0,2647.0,4204.75,6990.0,6192.25,7554.0
winogrande,0.05,0.05,0.8,392,556.0,424.25,673.5,1118.5,991.25,1209.25
hellaswag,0.005,0.05,0.8,393,22982.0,18073.0,30111.0,89457.0,79629.0,103083.0
hellaswag,0.01,0.05,0.8,393,5746.0,4519.0,7528.0,22365.0,19908.0,25771.0
hellaswag,0.02,0.05,0.8,393,1437.0,1130.0,1882.0,5592.0,4977.0,6443.0
hellaswag,0.05,0.05,0.8,393,230.0,181.0,302.0,895.0,797.0,1031.0
mmlu,0.005,0.05,0.8,392,68075.0,46016.5,86443.5,150233.5,144356.0,155531.75
mmlu,0.01,0.05,0.8,392,17019.5,11504.5,21611.25,37558.5,36089.75,38883.25
mmlu,0.02,0.05,0.8,392,4255.0,2876.5,5403.5,9390.0,9022.75,9721.25
mmlu,0.05,0.05,0.8,392,681.5,460.75,865.0,1503.0,1444.0,1556.0
