benchmark,items_per_model,paired_mde,unpaired_mde
arc,100,0.1141774590982507,0.19318468048737258
arc,200,0.08073565558702273,0.13660219759397768
arc,500,0.05106171200837808,0.08639481555626846
arc,1000,0.03610608282011871,0.061090359939198466
arc,2000,0.02553085600418904,0.04319740777813423
arc,5000,0.016147131117404546,0.027320439518795536
arc,10000,0.01141774590982507,0.01931846804873726
arc,20000,0.008073565558702273,0.013660219759397768
arc,50000,0.005106171200837808,0.008639481555626846
gsm8k,100,0.12274539566370365,0.15622997640133113
gsm8k,200,0.0867941016332307,0.1104712757379955
gsm8k,500,0.05489340972582985,0.06986816947131286
gsm8k,1000,0.03881550225958587,0.04940425642225624
gsm8k,2000,0.027446704862914926,0.03493408473565643
gsm8k,5000,0.01735882032664614,0.022094255147599107
gsm8k,10000,0.012274539566370367,0.015622997640133113
gsm8k,20000,0.00867941016332307,0.011047127573799553
gsm8k,50000,0.005489340972582985,0.0069868169471312865
winogrande,100,0.1178448103286634,0.16720247039072428
winogrande,200,0.08332886451104038,0.11823000064442407
winogrande,500,0.05270180133809214,0.07477521795991106
winogrande,1000,0.03726580110691121,0.05287406368415523
winogrande,2000,0.02635090066904607,0.03738760897995553
winogrande,5000,0.016665772902208074,0.02364600012888481
winogrande,10000,0.01178448103286634,0.016720247039072426
winogrande,20000,0.008332886451104037,0.011823000064442405
winogrande,50000,0.005270180133809213,0.007477521795991106
hellaswag,100,0.07579808379468721,0.1495460565367683
hellaswag,200,0.053597339052169485,0.10574503067685567
hellaswag,500,0.03389793358582916,0.06687902963664814
hellaswag,1000,0.02396945870675102,0.047290615375249985
hellaswag,2000,0.01694896679291458,0.03343951481832407
hellaswag,5000,0.010719467810433897,0.021149006135371136
hellaswag,10000,0.007579808379468722,0.014954605653676829
hellaswag,20000,0.0053597339052169485,0.010574503067685568
hellaswag,50000,0.0033897933585829163,0.0066879029636648145
mmlu,100,0.13045544221230082,0.1937996818989413
mmlu,200,0.09224592783100768,0.1370370692625372
mmlu,500,0.05834144736430004,0.08666985254877364
mmlu,1000,0.04125363305553459,0.06128484046167602
mmlu,2000,0.02917072368215002,0.04333492627438682
mmlu,5000,0.01844918556620154,0.027407413852507438
mmlu,10000,0.013045544221230082,0.019379968189894126
mmlu,20000,0.00922459278310077,0.013703706926253719
mmlu,50000,0.005834144736430003,0.008666985254877364
